filename,file_path,title,artist,album,album_artist,year,date,genre,subgenre,mood,moods,energy,valence,danceability,key,language,instruments,vocals,themes,occasion,weather,season,age_group,track_number,disc_number,composer,publisher,copyright,bpm,isrc,label,catalog_number,has_cover_art,cover_art_url,quality_score,validation_status,missing_tags,sources
ATYPISK - Kærlighed.mp3,/app/input_media/ATYPISK - Kærlighed.mp3,Kærlighed,ATYPISK,Kærlighed,ATYPISK,2019,2019-11-28,pop,popular music,balanced,balanced,medium,0.58,0.414,D major,unknown,mixed instrumentation,vocal,balanced music,retail background,all weather,all season,general,1,1,ATYPISK,ATYPISK,(c) 2019 ATYPISK,115,not listed in free sources,ATYPISK,not listed in free sources,yes,embedded or not listed in free sources,0.767,completed_with_inference,none,"{""title"": ""lastfm, local_cleanup"", ""date"": ""existing_file_tag"", ""year"": ""deezer, existing_file_tag, itunes"", ""artist"": ""deezer, itunes, lastfm, local_cleanup"", ""album_artist"": ""deezer, itunes"", ""danceability"": ""essentia_features"", ""key"": ""essentia_features"", ""bpm"": ""essentia_features, rules_inference"", ""analysis_summary"": ""essentia_features"", ""album"": ""final_completion"", ""track_number"": ""final_completion"", ""disc_number"": ""final_completion"", ""energy"": ""final_completion"", ""mood"": ""final_completion"", ""moods"": ""final_completion"", ""valence"": ""final_completion"", ""occasion"": ""final_completion"", ""themes"": ""final_completion"", ""weather"": ""final_completion"", ""season"": ""final_completion"", ""age_group"": ""final_completion"", ""vocals"": ""final_completion"", ""instruments"": ""final_completion"", ""language"": ""final_completion"", ""label"": ""final_completion"", ""publisher"": ""final_completion"", ""composer"": ""final_completion"", ""copyright"": ""final_completion"", ""comment"": ""final_completion"", ""isrc"": ""final_completion"", ""catalog_number"": ""final_completion"", ""cover_art_url"": ""final_completion""}"
Anne Linnet - Tusind Stykker.mp3,/app/input_media/Anne Linnet - Tusind Stykker.mp3,Tusind stykker,Anne Linnet,Jeg Er Jo Lige Her,Anne Linnet,1988,1988,Pop,Pop,mainstream,mainstream,medium,0.58,0.379,Ab major,English,mixed instrumentation,vocal,mainstream Pop,retail background,all weather,all season,youth/adult,1,1,Anne Linnet,Pladecompagniet,(c) 1988 Pladecompagniet,128,DKAXA8800018,Pladecompagniet,88697980002,yes,https://lastfm.freetls.fastly.net/i/u/300x300/dc797635b0e34ac4a01c7e4578d57c4e.png,0.884,validated,none,"{""title"": ""deezer, musicbrainz"", ""artist"": ""deezer, existing_file_tag, itunes, lastfm, local_cleanup, musicbrainz"", ""date"": ""discogs, musicbrainz"", ""year"": ""discogs, itunes, musicbrainz"", ""album"": ""discogs, itunes, lastfm"", ""album_artist"": ""deezer, itunes, musicbrainz"", ""genre"": ""deezer, discogs, itunes"", ""track_number"": ""discogs, itunes, musicbrainz"", ""disc_number"": ""itunes, musicbrainz"", ""cover_art_url"": ""lastfm"", ""label"": ""discogs, musicbrainz"", ""catalog_number"": ""musicbrainz"", ""composer"": ""musicbrainz"", ""isrc"": ""musicbrainz"", ""comment"": ""musicbrainz"", ""danceability"": ""essentia_features"", ""key"": ""essentia_features"", ""bpm"": ""essentia_features, rules_inference"", ""analysis_summary"": ""essentia_features"", ""mood"": ""rules_inference"", ""energy"": ""rules_inference"", ""moods"": ""final_completion"", ""subgenre"": ""final_completion"", ""valence"": ""final_completion"", ""occasion"": ""final_completion"", ""themes"": ""final_completion"", ""weather"": ""final_completion"", ""season"": ""final_completion"", ""age_group"": ""final_completion"", ""vocals"": ""final_completion"", ""instruments"": ""final_completion"", ""language"": ""final_completion"", ""publisher"": ""final_completion"", ""copyright"": ""final_completion""}"
Baloosh x Omar - Danser Med Dæmoner.mp3,/app/input_media/Baloosh x Omar - Danser Med Dæmoner.mp3,Danser Med Dæmoner,Baloosh x Omar,Danser Med Dæmoner,Baloosh x Omar,2023,2023-11-02,pop,popular music,energetic,energetic,high,0.68,0.408,Bb major,unknown,mixed instrumentation,vocal,energetic music,busy store,all weather,all season,general,1,1,Baloosh x Omar,Baloosh x Omar,(c) 2023 Baloosh x Omar,140,not listed in free sources,Baloosh x Omar,not listed in free sources,yes,embedded or not listed in free sources,0.771,completed_with_inference,none,"{""title"": ""lastfm, local_cleanup"", ""date"": ""existing_file_tag"", ""year"": ""existing_file_tag"", ""artist"": ""lastfm, local_cleanup"", ""danceability"": ""essentia_features"", ""key"": ""essentia_features"", ""bpm"": ""essentia_features, rules_inference"", ""analysis_summary"": ""essentia_features"", ""mood"": ""rules_inference"", ""energy"": ""rules_inference"", ""album_artist"": ""final_completion"", ""album"": ""final_completion"", ""moods"": ""final_completion"", ""track_number"": ""final_completion"", ""disc_number"": ""final_completion"", ""valence"": ""final_completion"", ""occasion"": ""final_completion"", ""themes"": ""final_completion"", ""weather"": ""final_completion"", ""season"": ""final_completion"", ""age_group"": ""final_completion"", ""vocals"": ""final_completion"", ""instruments"": ""final_completion"", ""language"": ""final_completion"", ""label"": ""final_completion"", ""publisher"": ""final_completion"", ""composer"": ""final_completion"", ""copyright"": ""final_completion"", ""comment"": ""final_completion"", ""isrc"": ""final_completion"", ""catalog_number"": ""final_completion"", ""cover_art_url"": ""final_completion""}"
"Benny Jamz, Gilli, Kesi - Ibiza.mp3","/app/input_media/Benny Jamz, Gilli, Kesi - Ibiza.mp3",Ibiza,"Benny Jamz, Gilli, KESI & B.O.C",Mere End Musik,"Benny Jamz, Gilli, KESI & B.O.C",2021,2021-06-18,pop,popular music,energetic,energetic,high,0.68,0.424,A minor,English,mixed instrumentation,vocal,energetic music,busy store,all weather,all season,general,5,1,"Benny Jamz, Gilli, KESI & B.O.C",disco:wax,(c) 2021 disco:wax,133,not listed in free sources,disco:wax,None,yes,https://coverartarchive.org/release/899e79bb-2127-4cd2-ae46-f4711ab5cdbd/39368035446.jpg,0.867,completed_with_inference,none,"{""title"": ""lastfm, local_cleanup, musicbrainz"", ""date"": ""deezer, itunes, musicbrainz"", ""year"": ""deezer, existing_file_tag, itunes, musicbrainz"", ""artist"": ""musicbrainz"", ""album"": ""musicbrainz"", ""album_artist"": ""musicbrainz"", ""track_number"": ""itunes, musicbrainz"", ""disc_number"": ""itunes, musicbrainz"", ""cover_art_url"": ""cover_art_archive"", ""label"": ""musicbrainz"", ""catalog_number"": ""musicbrainz"", ""danceability"": ""essentia_features"", ""key"": ""essentia_features"", ""bpm"": ""essentia_features, rules_inference"", ""analysis_summary"": ""essentia_features"", ""mood"": ""rules_inference"", ""energy"": ""rules_inference"", ""moods"": ""final_completion"", ""valence"": ""final_completion"", ""occasion"": ""final_completion"", ""themes"": ""final_completion"", ""weather"": ""final_completion"", ""season"": ""final_completion"", ""age_group"": ""final_completion"", ""vocals"": ""final_completion"", ""instruments"": ""final_completion"", ""language"": ""final_completion"", ""publisher"": ""final_completion"", ""composer"": ""final_completion"", ""copyright"": ""final_completion"", ""comment"": ""final_completion"", ""isrc"": ""final_completion""}"
Bro - Sydpå.mp3,/app/input_media/Bro - Sydpå.mp3,Sydpå,Bro,Sydpå,Bro,2018,2018-02-02,Pop,Pop,mainstream,mainstream,medium,0.58,0.407,Bb major,unknown,mixed instrumentation,vocal,mainstream Pop,retail background,all weather,all season,youth/adult,1,1,"Anis Basim Moujahid, Carl Altino",Universal,(c) 2018 Universal,100,not listed in free sources,Universal,none,yes,https://i.discogs.com/5Nqn9lLAkvYzq7Nkxd51MeArjyf_UJKuuP_fxpG0AdM/rs:fit/g:sm/q:90/h:600/w:600/czM6Ly9kaXNjb2dz/LWRhdGFiYXNlLWlt/YWdlcy9SLTExNzI3/NTM4LTE1MjEzNjc2/NzktNzE5NS5qcGVn.jpeg,0.889,validated,none,"{""title"": ""deezer, itunes, lastfm, local_cleanup, musicbrainz"", ""date"": ""discogs, itunes, musicbrainz"", ""year"": ""deezer, discogs, existing_file_tag, itunes, musicbrainz"", ""artist"": ""deezer, itunes, lastfm, local_cleanup, musicbrainz"", ""album"": ""deezer, discogs, musicbrainz"", ""album_artist"": ""deezer, itunes, musicbrainz"", ""genre"": ""deezer, discogs, itunes"", ""track_number"": ""discogs, itunes, musicbrainz"", ""disc_number"": ""itunes, musicbrainz"", ""cover_art_url"": ""discogs"", ""composer"": ""discogs"", ""label"": ""discogs"", ""catalog_number"": ""discogs"", ""danceability"": ""essentia_features"", ""key"": ""essentia_features"", ""bpm"": ""essentia_features, rules_inference"", ""analysis_summary"": ""essentia_features"", ""mood"": ""rules_inference"", ""energy"": ""rules_inference"", ""moods"": ""final_completion"", ""subgenre"": ""final_completion"", ""valence"": ""final_completion"", ""occasion"": ""final_completion"", ""themes"": ""final_completion"", ""weather"": ""final_completion"", ""season"": ""final_completion"", ""age_group"": ""final_completion"", ""vocals"": ""final_completion"", ""instruments"": ""final_completion"", ""language"": ""final_completion"", ""publisher"": ""final_completion"", ""copyright"": ""final_completion"", ""comment"": ""final_completion"", ""isrc"": ""final_completion""}"
Dax -  Place Of Peace.mp3,/app/input_media/Dax -  Place Of Peace.mp3,Place Of Peace,Dax,From A Man's Perspective,Dax,2024,2024-12-06,pop,popular music,balanced,balanced,medium,0.58,0.428,F minor,English,mixed instrumentation,vocal,balanced music,retail background,all weather,all season,general,3,1,Dax,Columbia Records,(c) 2024 Columbia Records,96,not listed in free sources,Columbia Records,None,yes,https://coverartarchive.org/release/48e7858a-6097-4709-9874-b6e10703cfc9/40605316048.jpg,0.876,completed_with_inference,none,"{""title"": ""deezer, itunes, lastfm, local_cleanup"", ""artist"": ""deezer, existing_file_tag, itunes, local_cleanup, musicbrainz"", ""date"": ""existing_file_tag, itunes, musicbrainz"", ""year"": ""discogs, existing_file_tag, itunes, musicbrainz"", ""album"": ""deezer, itunes, musicbrainz"", ""album_artist"": ""deezer, itunes, musicbrainz"", ""track_number"": ""discogs, itunes, musicbrainz"", ""disc_number"": ""itunes, musicbrainz"", ""cover_art_url"": ""cover_art_archive"", ""label"": ""musicbrainz"", ""catalog_number"": ""musicbrainz"", ""danceability"": ""essentia_features"", ""key"": ""essentia_features"", ""bpm"": ""essentia_features, rules_inference"", ""analysis_summary"": ""essentia_features"", ""energy"": ""final_completion"", ""mood"": ""final_completion"", ""moods"": ""final_completion"", ""valence"": ""final_completion"", ""occasion"": ""final_completion"", ""themes"": ""final_completion"", ""weather"": ""final_completion"", ""season"": ""final_completion"", ""age_group"": ""final_completion"", ""vocals"": ""final_completion"", ""instruments"": ""final_completion"", ""language"": ""final_completion"", ""publisher"": ""final_completion"", ""composer"": ""final_completion"", ""copyright"": ""final_completion"", ""comment"": ""final_completion"", ""isrc"": ""final_completion""}"
Dax -  Soldier  (Feat. Tom MacDonald).mp3,/app/input_media/Dax -  Soldier  (Feat. Tom MacDonald).mp3,Soldier,Dax,Soldier,Dax & Tom MacDonald,2024,2024-11-08,pop,popular music,energetic,energetic,high,0.68,0.344,F# minor,English,mixed instrumentation,vocal,energetic music,busy store,all weather,all season,general,1,1,Dax,Columbia,(c) 2024 Columbia,140,USQX92405381,Columbia,None,yes,https://coverartarchive.org/release/d951f16c-cb63-4456-816d-12ac80436a50/45521981507.jpg,0.821,completed_with_inference,none,"{""title"": ""deezer, lastfm, local_cleanup, musicbrainz"", ""artist"": ""deezer, existing_file_tag, local_cleanup"", ""date"": ""existing_file_tag, musicbrainz"", ""year"": ""existing_file_tag, musicbrainz"", ""album"": ""musicbrainz"", ""album_artist"": ""musicbrainz"", ""cover_art_url"": ""cover_art_archive"", ""track_number"": ""musicbrainz"", ""disc_number"": ""musicbrainz"", ""isrc"": ""musicbrainz"", ""label"": ""musicbrainz"", ""catalog_number"": ""musicbrainz"", ""danceability"": ""essentia_features"", ""key"": ""essentia_features"", ""bpm"": ""essentia_features, rules_inference"", ""analysis_summary"": ""essentia_features"", ""mood"": ""rules_inference"", ""energy"": ""rules_inference"", ""moods"": ""final_completion"", ""valence"": ""final_completion"", ""occasion"": ""final_completion"", ""themes"": ""final_completion"", ""weather"": ""final_completion"", ""season"": ""final_completion"", ""age_group"": ""final_completion"", ""vocals"": ""final_completion"", ""instruments"": ""final_completion"", ""language"": ""final_completion"", ""publisher"": ""final_completion"", ""composer"": ""final_completion"", ""copyright"": ""final_completion"", ""comment"": ""final_completion""}"
Djämes Braun - Fugle.mp3,/app/input_media/Djämes Braun - Fugle.mp3,Fugle,Djämes Braun,Fugle,Djämes Braun,2014,2014-08-18,Pop,Pop,mainstream,mainstream,medium,0.58,0.433,G minor,unknown,mixed instrumentation,vocal,mainstream Pop,retail background,all weather,all season,youth/adult,1,1,Lasse Kramhøft,Warner Music Denmark,(c) 2014 Warner Music Denmark,118,not listed in free sources,Warner Music Denmark,None,yes,https://i.discogs.com/o8KPVKc3oZuZMVwkPD8P2sNoNGniKgjGgNLnvfU3HTc/rs:fit/g:sm/q:90/h:600/w:600/czM6Ly9kaXNjb2dz/LWRhdGFiYXNlLWlt/YWdlcy9SLTY2ODUz/OTktMTQyNjI3MDE3/MC01MTI4LmpwZWc.jpeg,0.904,validated,none,"{""title"": ""lastfm, local_cleanup, musicbrainz"", ""artist"": ""existing_file_tag, lastfm, local_cleanup, musicbrainz"", ""date"": ""discogs, existing_file_tag, musicbrainz"", ""year"": ""discogs, existing_file_tag, musicbrainz"", ""album"": ""discogs, lastfm, musicbrainz"", ""album_artist"": ""musicbrainz"", ""track_number"": ""discogs, musicbrainz"", ""disc_number"": ""musicbrainz"", ""label"": ""musicbrainz"", ""catalog_number"": ""musicbrainz"", ""cover_art_url"": ""discogs"", ""genre"": ""discogs"", ""composer"": ""discogs"", ""danceability"": ""essentia_features"", ""key"": ""essentia_features"", ""bpm"": ""essentia_features, rules_inference"", ""analysis_summary"": ""essentia_features"", ""mood"": ""rules_inference"", ""energy"": ""rules_inference"", ""moods"": ""final_completion"", ""subgenre"": ""final_completion"", ""valence"": ""final_completion"", ""occasion"": ""final_completion"", ""themes"": ""final_completion"", ""weather"": ""final_completion"", ""season"": ""final_completion"", ""age_group"": ""final_completion"", ""vocals"": ""final_completion"", ""instruments"": ""final_completion"", ""language"": ""final_completion"", ""publisher"": ""final_completion"", ""copyright"": ""final_completion"", ""comment"": ""final_completion"", ""isrc"": ""final_completion""}"
Gigis - Gertrud.mp3,/app/input_media/Gigis - Gertrud.mp3,Gertrud,Gigis,Gertrud,Gigis,2017,2017-02-15,Pop,Pop,mainstream,mainstream,medium,0.58,0.401,Bb minor,English,mixed instrumentation,vocal,mainstream Pop,retail background,all weather,all season,youth/adult,1,1,Kewan Hussein,disco:wax,(c) 2017 disco:wax,116,DK4YA1700701,disco:wax,none,yes,https://i.discogs.com/hXokOCIJT5zV9yvWXvawz0g7QmIwyL2q7h_N1sFwHAE/rs:fit/g:sm/q:90/h:600/w:600/czM6Ly9kaXNjb2dz/LWRhdGFiYXNlLWlt/YWdlcy9SLTEwNDIx/MTIzLTE0OTcwOTM0/NTUtMTk1Mi5qcGVn.jpeg,0.899,validated,none,"{""title"": ""deezer, itunes, lastfm, local_cleanup, musicbrainz"", ""artist"": ""deezer, existing_file_tag, itunes, lastfm, local_cleanup, musicbrainz"", ""date"": ""deezer, itunes"", ""year"": ""deezer, discogs, existing_file_tag, itunes, musicbrainz"", ""album"": ""deezer, discogs, lastfm"", ""album_artist"": ""deezer, itunes, musicbrainz"", ""genre"": ""deezer, discogs, itunes"", ""track_number"": ""discogs, itunes"", ""disc_number"": ""itunes, musicbrainz"", ""cover_art_url"": ""discogs"", ""isrc"": ""musicbrainz"", ""composer"": ""discogs"", ""label"": ""discogs"", ""catalog_number"": ""discogs"", ""danceability"": ""essentia_features"", ""key"": ""essentia_features"", ""bpm"": ""essentia_features, rules_inference"", ""analysis_summary"": ""essentia_features"", ""mood"": ""rules_inference"", ""energy"": ""rules_inference"", ""moods"": ""final_completion"", ""subgenre"": ""final_completion"", ""valence"": ""final_completion"", ""occasion"": ""final_completion"", ""themes"": ""final_completion"", ""weather"": ""final_completion"", ""season"": ""final_completion"", ""age_group"": ""final_completion"", ""vocals"": ""final_completion"", ""instruments"": ""final_completion"", ""language"": ""final_completion"", ""publisher"": ""final_completion"", ""copyright"": ""final_completion"", ""comment"": ""final_completion""}"
Habibi - Aiwa.mp3,/app/input_media/Habibi - Aiwa.mp3,Habibi Aiwa,unknown artist,Habibi Aiwa,unknown artist,2017,2017-05-11,pop,popular music,balanced,balanced,medium,0.58,0.369,C minor,English,mixed instrumentation,vocal,balanced music,retail background,all weather,all season,general,1,1,unknown composer,not listed in free sources,not listed in free sources,110,not listed in free sources,not listed in free sources,not listed in free sources,yes,embedded or not listed in free sources,0.714,completed_with_inference,none,"{""title"": ""existing_file_tag"", ""date"": ""existing_file_tag"", ""year"": ""existing_file_tag"", ""danceability"": ""essentia_features"", ""key"": ""essentia_features"", ""bpm"": ""essentia_features, rules_inference"", ""analysis_summary"": ""essentia_features"", ""album"": ""final_completion"", ""track_number"": ""final_completion"", ""disc_number"": ""final_completion"", ""energy"": ""final_completion"", ""mood"": ""final_completion"", ""moods"": ""final_completion"", ""valence"": ""final_completion"", ""occasion"": ""final_completion"", ""themes"": ""final_completion"", ""weather"": ""final_completion"", ""season"": ""final_completion"", ""age_group"": ""final_completion"", ""vocals"": ""final_completion"", ""instruments"": ""final_completion"", ""language"": ""final_completion"", ""comment"": ""final_completion"", ""isrc"": ""final_completion"", ""catalog_number"": ""final_completion"", ""cover_art_url"": ""final_completion""}"
Ingen Over.mp3,/app/input_media/Ingen Over.mp3,Ingen Over,unknown artist,Ingen Over,unknown artist,2021,2021-04-08,Hip-Hop,Hip-Hop,balanced,balanced,medium,0.58,0.495,C major,English,mixed instrumentation,vocal,balanced Hip-Hop,retail background,all weather,all season,general,1,1,unknown composer,not listed in free sources,not listed in free sources,106,not listed in free sources,not listed in free sources,not listed in free sources,yes,embedded or not listed in free sources,0.774,completed_with_inference,none,"{""title"": ""existing_file_tag"", ""date"": ""existing_file_tag"", ""year"": ""existing_file_tag"", ""danceability"": ""essentia_features"", ""key"": ""essentia_features"", ""bpm"": ""essentia_features, rules_inference"", ""analysis_summary"": ""essentia_features"", ""genre"": ""musicnn_mtg_jamendo"", ""analysis_json"": ""musicnn_mtg_jamendo"", ""album"": ""final_completion"", ""subgenre"": ""final_completion"", ""track_number"": ""final_completion"", ""disc_number"": ""final_completion"", ""energy"": ""final_completion"", ""mood"": ""final_completion"", ""moods"": ""final_completion"", ""valence"": ""final_completion"", ""occasion"": ""final_completion"", ""themes"": ""final_completion"", ""weather"": ""final_completion"", ""season"": ""final_completion"", ""age_group"": ""final_completion"", ""vocals"": ""final_completion"", ""instruments"": ""final_completion"", ""language"": ""final_completion"", ""comment"": ""final_completion"", ""isrc"": ""final_completion"", ""catalog_number"": ""final_completion"", ""cover_art_url"": ""final_completion""}"
Jimilian - Kærlighedssangen.mp3,/app/input_media/Jimilian - Kærlighedssangen.mp3,Kærlighedssangen,Jimilian,Kærlighedssangen,Jimilian,2021,2021-02-12,Pop,Pop,mainstream,mainstream,medium,0.58,0.39,Bb major,unknown,mixed instrumentation,vocal,mainstream Pop,retail background,all weather,all season,youth/adult,1,1,"Benjamin Lasnier, BesiMadeThis, Daniel Davidsen, Daniel Mirza Salcedo",Flexmusic,(c) 2021 Flexmusic,89,not listed in free sources,Flexmusic,none,yes,https://i.discogs.com/QsD6jt8W9p1-g90e9yWqatbzJOi9wXUqG3ZEn31-_r4/rs:fit/g:sm/q:90/h:600/w:600/czM6Ly9kaXNjb2dz/LWRhdGFiYXNlLWlt/YWdlcy9SLTE3NDMx/MjQzLTE2MTM0MTUy/ODAtODUxNi5qcGVn.jpeg,0.883,validated,none,"{""title"": ""deezer, itunes, lastfm, local_cleanup"", ""date"": ""deezer, discogs, itunes"", ""year"": ""deezer, discogs, existing_file_tag, itunes"", ""artist"": ""deezer, itunes, lastfm, local_cleanup"", ""album"": ""deezer, discogs"", ""album_artist"": ""deezer, itunes"", ""genre"": ""deezer, discogs, itunes"", ""track_number"": ""discogs, itunes"", ""cover_art_url"": ""discogs"", ""composer"": ""discogs"", ""label"": ""discogs"", ""catalog_number"": ""discogs"", ""danceability"": ""essentia_features"", ""key"": ""essentia_features"", ""bpm"": ""essentia_features, rules_inference"", ""analysis_summary"": ""essentia_features"", ""mood"": ""rules_inference"", ""energy"": ""rules_inference"", ""moods"": ""final_completion"", ""subgenre"": ""final_completion"", ""disc_number"": ""final_completion"", ""valence"": ""final_completion"", ""occasion"": ""final_completion"", ""themes"": ""final_completion"", ""weather"": ""final_completion"", ""season"": ""final_completion"", ""age_group"": ""final_completion"", ""vocals"": ""final_completion"", ""instruments"": ""final_completion"", ""language"": ""final_completion"", ""publisher"": ""final_completion"", ""copyright"": ""final_completion"", ""comment"": ""final_completion"", ""isrc"": ""final_completion""}"
Joey Moe - Million.mp3,/app/input_media/Joey Moe - Million.mp3,Million,Joey Moe,Joey,Joey Moe,2014,2014-09-15,pop,pop,mainstream,mainstream,medium,0.58,0.401,C minor,English,mixed instrumentation,vocal,mainstream pop,retail background,all weather,all season,youth/adult,2,1,Joey Moe,disco:wax,(c) 2014 disco:wax,95,not listed in free sources,disco:wax,not listed in free sources,yes,https://lastfm.freetls.fastly.net/i/u/300x300/4237f382341f45d8c50626a56065a0ab.png,0.851,validated,none,"{""title"": ""deezer, itunes, lastfm, local_cleanup, musicbrainz"", ""date"": ""musicbrainz"", ""year"": ""deezer, discogs, existing_file_tag, itunes, musicbrainz"", ""artist"": ""deezer, itunes, lastfm, local_cleanup, musicbrainz"", ""album"": ""discogs, itunes, lastfm, musicbrainz"", ""album_artist"": ""deezer, itunes, musicbrainz"", ""genre"": ""musicbrainz, musicnn_mtg_jamendo"", ""track_number"": ""discogs, itunes, musicbrainz"", ""disc_number"": ""itunes, musicbrainz"", ""cover_art_url"": ""lastfm"", ""label"": ""discogs"", ""danceability"": ""essentia_features"", ""key"": ""essentia_features"", ""bpm"": ""essentia_features, rules_inference"", ""analysis_summary"": ""essentia_features"", ""mood"": ""rules_inference"", ""energy"": ""rules_inference"", ""moods"": ""final_completion"", ""subgenre"": ""final_completion"", ""valence"": ""final_completion"", ""occasion"": ""final_completion"", ""themes"": ""final_completion"", ""weather"": ""final_completion"", ""season"": ""final_completion"", ""age_group"": ""final_completion"", ""vocals"": ""final_completion"", ""instruments"": ""final_completion"", ""language"": ""final_completion"", ""publisher"": ""final_completion"", ""composer"": ""final_completion"", ""copyright"": ""final_completion"", ""comment"": ""final_completion"", ""isrc"": ""final_completion"", ""catalog_number"": ""final_completion""}"
Joey Moe - Smukkest På En Søndag.mp3,/app/input_media/Joey Moe - Smukkest På En Søndag.mp3,Smukkest På En Søndag,Joey Moe,Smukkest På En Søndag,Joey Moe,2016,2016-05-27,Pop,Pop,mainstream,mainstream,medium,0.58,0.394,B major,unknown,mixed instrumentation,vocal,mainstream Pop,retail background,all weather,all season,youth/adult,5,1,"Kasper Falkenberg, Kasper Larsen, Ole Brodersen",disco:wax,(c) 2016 disco:wax,154,not listed in free sources,disco:wax,88985468412,yes,https://i.discogs.com/tpFrtAneGyLJ2xrrsDu7TVvqHCga5SOwB6qHNrBL_dE/rs:fit/g:sm/q:90/h:600/w:600/czM6Ly9kaXNjb2dz/LWRhdGFiYXNlLWlt/YWdlcy9SLTg2MDE5/NTItMTQ2NDg5NjM4/OS04NzkzLmpwZWc.jpeg,0.883,validated,none,"{""title"": ""deezer, itunes, local_cleanup, musicbrainz"", ""date"": ""deezer, discogs, itunes"", ""year"": ""deezer, discogs, existing_file_tag, itunes"", ""artist"": ""deezer, itunes, lastfm, local_cleanup, musicbrainz"", ""album"": ""deezer, discogs, lastfm"", ""album_artist"": ""deezer, itunes, musicbrainz"", ""genre"": ""deezer, discogs, itunes"", ""track_number"": ""musicbrainz"", ""disc_number"": ""itunes, musicbrainz"", ""cover_art_url"": ""discogs"", ""label"": ""discogs, musicbrainz"", ""catalog_number"": ""musicbrainz"", ""composer"": ""discogs"", ""danceability"": ""essentia_features"", ""key"": ""essentia_features"", ""bpm"": ""essentia_features, rules_inference"", ""analysis_summary"": ""essentia_features"", ""mood"": ""rules_inference"", ""energy"": ""rules_inference"", ""moods"": ""final_completion"", ""subgenre"": ""final_completion"", ""valence"": ""final_completion"", ""occasion"": ""final_completion"", ""themes"": ""final_completion"", ""weather"": ""final_completion"", ""season"": ""final_completion"", ""age_group"": ""final_completion"", ""vocals"": ""final_completion"", ""instruments"": ""final_completion"", ""language"": ""final_completion"", ""publisher"": ""final_completion"", ""copyright"": ""final_completion"", ""comment"": ""final_completion"", ""isrc"": ""final_completion""}"
Jung - Jeg Skal Nok Vente.mp3,/app/input_media/Jung - Jeg Skal Nok Vente.mp3,Jeg Skal Nok Vente,Jung,Blitz,Jung,2019,2019-06-07,Rock,"Pop Rock, Synth-pop, New Wave",mainstream,mainstream,medium,0.58,0.426,G major,English,mixed instrumentation,vocal,mainstream Rock,retail background,all weather,all season,youth/adult,2,1,"Jonas Jung Larsen, Michael Hovmand Hansen, Sigurd Ditlev Boesen",Universal Music Group,(c) 2019 Universal Music Group,133,not listed in free sources,Universal Music Group,"0873276, UNI 0873276",yes,https://i.discogs.com/pW93WTfomHDhADoWyl_dGIKtFEzVtoLB4Xi8sPSRCdo/rs:fit/g:sm/q:90/h:600/w:600/czM6Ly9kaXNjb2dz/LWRhdGFiYXNlLWlt/YWdlcy9SLTEzNzMy/OTg4LTE1NTk5ODUz/MzQtNTYyNC5qcGVn.jpeg,0.925,validated,none,"{""title"": ""deezer, itunes, lastfm, local_cleanup, musicbrainz"", ""artist"": ""deezer, existing_file_tag, itunes, lastfm, local_cleanup, musicbrainz"", ""date"": ""deezer, discogs, itunes"", ""year"": ""deezer, discogs, existing_file_tag, itunes"", ""album"": ""musicbrainz"", ""album_artist"": ""deezer, itunes, musicbrainz"", ""genre"": ""deezer, itunes"", ""track_number"": ""musicbrainz"", ""disc_number"": ""itunes, musicbrainz"", ""cover_art_url"": ""discogs"", ""label"": ""musicbrainz"", ""catalog_number"": ""musicbrainz"", ""subgenre"": ""discogs"", ""composer"": ""discogs"", ""danceability"": ""essentia_features"", ""key"": ""essentia_features"", ""bpm"": ""essentia_features, rules_inference"", ""analysis_summary"": ""essentia_features"", ""analysis_json"": ""musicnn_mtg_jamendo"", ""mood"": ""rules_inference"", ""energy"": ""rules_inference"", ""moods"": ""final_completion"", ""valence"": ""final_completion"", ""occasion"": ""final_completion"", ""themes"": ""final_completion"", ""weather"": ""final_completion"", ""season"": ""final_completion"", ""age_group"": ""final_completion"", ""vocals"": ""final_completion"", ""instruments"": ""final_completion"", ""language"": ""final_completion"", ""publisher"": ""final_completion"", ""copyright"": ""final_completion"", ""comment"": ""final_completion"", ""isrc"": ""final_completion""}"
Lord Siva - Solhverv.mp3,/app/input_media/Lord Siva - Solhverv.mp3,Solhverv,Lord Siva,Solhverv,Lord Siva,2020,2020-06-26,Pop,Pop,mainstream,mainstream,medium,0.58,0.454,F major,English,mixed instrumentation,vocal,mainstream Pop,retail background,all weather,all season,youth/adult,1,1,"Brian Siva, Chang Il Kim, Christian Kroman Andersen, Peter Lützen, Søren Schou",disco:wax,(c) 2020 disco:wax,140,DK4YA2072001,disco:wax,none,yes,https://i.discogs.com/M4R9dDBZo5NZz8dLqhm9_iK0MCT60nXfkTxWj1as4ug/rs:fit/g:sm/q:90/h:600/w:600/czM6Ly9kaXNjb2dz/LWRhdGFiYXNlLWlt/YWdlcy9SLTE1Njc2/MDUyLTE1OTU3MDk1/NDEtMjYwNC5qcGVn.jpeg,0.888,validated,none,"{""title"": ""deezer, itunes, lastfm, local_cleanup, musicbrainz"", ""artist"": ""deezer, existing_file_tag, itunes, lastfm, local_cleanup, musicbrainz"", ""date"": ""deezer, discogs, itunes, musicbrainz"", ""year"": ""deezer, discogs, existing_file_tag, itunes, musicbrainz"", ""album"": ""deezer, discogs, musicbrainz"", ""album_artist"": ""deezer, itunes, musicbrainz"", ""genre"": ""deezer, itunes"", ""track_number"": ""discogs, itunes, musicbrainz"", ""disc_number"": ""itunes, musicbrainz"", ""cover_art_url"": ""discogs"", ""isrc"": ""musicbrainz"", ""label"": ""discogs, musicbrainz"", ""catalog_number"": ""discogs"", ""composer"": ""discogs"", ""danceability"": ""essentia_features"", ""key"": ""essentia_features"", ""bpm"": ""essentia_features, rules_inference"", ""analysis_summary"": ""essentia_features"", ""mood"": ""rules_inference"", ""energy"": ""rules_inference"", ""moods"": ""final_completion"", ""subgenre"": ""final_completion"", ""valence"": ""final_completion"", ""occasion"": ""final_completion"", ""themes"": ""final_completion"", ""weather"": ""final_completion"", ""season"": ""final_completion"", ""age_group"": ""final_completion"", ""vocals"": ""final_completion"", ""instruments"": ""final_completion"", ""language"": ""final_completion"", ""publisher"": ""final_completion"", ""copyright"": ""final_completion"", ""comment"": ""final_completion""}"
Medina -  Kl. 10.mp3,/app/input_media/Medina -  Kl. 10.mp3,Kl. 10,Medina,For Altid,Medina,2011,2011,Pop,Pop,mainstream,mainstream,medium,0.58,0.348,D minor,English,mixed instrumentation,vocal,mainstream Pop,retail background,all weather,all season,youth/adult,4,1,Medina,A:larm Music,(c) 2011 A:larm Music,90,not listed in free sources,A:larm Music,ALARMCD 150,yes,http://coverartarchive.org/release/c187b4b3-c28f-495b-b3ba-97bdc435c781/3593586549.jpg,0.846,validated,none,"{""title"": ""itunes, local_cleanup, musicbrainz"", ""artist"": ""deezer, existing_file_tag, itunes, lastfm, local_cleanup, musicbrainz"", ""date"": ""musicbrainz"", ""year"": ""discogs, existing_file_tag, itunes, musicbrainz"", ""album"": ""discogs, musicbrainz"", ""album_artist"": ""deezer, itunes, musicbrainz"", ""genre"": ""deezer, discogs, itunes"", ""track_number"": ""discogs, itunes, musicbrainz"", ""disc_number"": ""itunes, musicbrainz"", ""cover_art_url"": ""cover_art_archive"", ""label"": ""musicbrainz"", ""catalog_number"": ""discogs, musicbrainz"", ""danceability"": ""essentia_features"", ""key"": ""essentia_features"", ""bpm"": ""essentia_features, rules_inference"", ""analysis_summary"": ""essentia_features"", ""mood"": ""rules_inference"", ""energy"": ""rules_inference"", ""moods"": ""final_completion"", ""subgenre"": ""final_completion"", ""valence"": ""final_completion"", ""occasion"": ""final_completion"", ""themes"": ""final_completion"", ""weather"": ""final_completion"", ""season"": ""final_completion"", ""age_group"": ""final_completion"", ""vocals"": ""final_completion"", ""instruments"": ""final_completion"", ""language"": ""final_completion"", ""publisher"": ""final_completion"", ""composer"": ""final_completion"", ""copyright"": ""final_completion"", ""comment"": ""final_completion"", ""isrc"": ""final_completion""}"
Medina - Jalousi.mp3,/app/input_media/Medina - Jalousi.mp3,Jalousi,Medina,Jalousi,Medina,2014,2014-02-03,Pop,Pop,mainstream,mainstream,medium,0.58,0.424,D major,English,mixed instrumentation,vocal,mainstream Pop,retail background,all weather,all season,youth/adult,1,1,Medina,"Labelmade, A:larm Music","(c) 2014 Labelmade, A:larm Music",124,not listed in free sources,"Labelmade, A:larm Music",none,yes,https://i.discogs.com/b0YhSTpMAQ72bYuQiU35R1J6WQRPjhi64xFKUgWBZWc/rs:fit/g:sm/q:90/h:600/w:600/czM6Ly9kaXNjb2dz/LWRhdGFiYXNlLWlt/YWdlcy9SLTUzNjAz/MzctMTM5MTQ1Mjc5/OS0xMDY4LmpwZWc.jpeg,0.901,validated,none,"{""title"": ""deezer, itunes, lastfm, local_cleanup, musicbrainz"", ""date"": ""deezer, discogs, existing_file_tag, musicbrainz"", ""year"": ""deezer, discogs, existing_file_tag, itunes, musicbrainz"", ""artist"": ""deezer, itunes, lastfm, local_cleanup, musicbrainz"", ""album"": ""deezer, discogs, lastfm, musicbrainz"", ""album_artist"": ""deezer, itunes, musicbrainz"", ""genre"": ""deezer, discogs, itunes"", ""track_number"": ""discogs, musicbrainz"", ""disc_number"": ""itunes, musicbrainz"", ""cover_art_url"": ""discogs"", ""label"": ""discogs"", ""catalog_number"": ""discogs"", ""danceability"": ""essentia_features"", ""key"": ""essentia_features"", ""bpm"": ""essentia_features, rules_inference"", ""analysis_summary"": ""essentia_features"", ""mood"": ""rules_inference"", ""energy"": ""rules_inference"", ""moods"": ""final_completion"", ""subgenre"": ""final_completion"", ""valence"": ""final_completion"", ""occasion"": ""final_completion"", ""themes"": ""final_completion"", ""weather"": ""final_completion"", ""season"": ""final_completion"", ""age_group"": ""final_completion"", ""vocals"": ""final_completion"", ""instruments"": ""final_completion"", ""language"": ""final_completion"", ""publisher"": ""final_completion"", ""composer"": ""final_completion"", ""copyright"": ""final_completion"", ""comment"": ""final_completion"", ""isrc"": ""final_completion""}"
NOAH - Over Byen.mp3,/app/input_media/NOAH - Over Byen.mp3,Over Byen,Noah,Over Byen,Noah,2012,2012,Pop,Pop,mainstream,mainstream,medium,0.58,0.377,Eb major,English,mixed instrumentation,vocal,mainstream Pop,retail background,all weather,all season,youth/adult,1,1,Noah,Copenhagen Records,(c) 2012 Copenhagen Records,120,DKUM71200841,Copenhagen Records,none,yes,https://i.discogs.com/3Vt6a70J-onUmbmshYE5N7j-iF1B4vbe3ttv2O2bHTo/rs:fit/g:sm/q:90/h:450/w:600/czM6Ly9kaXNjb2dz/LWRhdGFiYXNlLWlt/YWdlcy9SLTE2MTQy/NzI0LTE2MDQxNTY0/NzctNTMwNy5qcGVn.jpeg,0.899,validated,none,"{""title"": ""deezer, itunes, lastfm, local_cleanup"", ""date"": ""discogs"", ""year"": ""discogs, existing_file_tag, itunes"", ""artist"": ""deezer, lastfm, musicbrainz"", ""album"": ""discogs, lastfm"", ""album_artist"": ""deezer, musicbrainz"", ""genre"": ""deezer, discogs, itunes"", ""track_number"": ""discogs, itunes"", ""disc_number"": ""itunes, musicbrainz"", ""cover_art_url"": ""discogs"", ""isrc"": ""musicbrainz"", ""label"": ""discogs"", ""catalog_number"": ""discogs"", ""danceability"": ""essentia_features"", ""key"": ""essentia_features"", ""bpm"": ""essentia_features, rules_inference"", ""analysis_summary"": ""essentia_features"", ""mood"": ""rules_inference"", ""energy"": ""rules_inference"", ""moods"": ""final_completion"", ""subgenre"": ""final_completion"", ""valence"": ""final_completion"", ""occasion"": ""final_completion"", ""themes"": ""final_completion"", ""weather"": ""final_completion"", ""season"": ""final_completion"", ""age_group"": ""final_completion"", ""vocals"": ""final_completion"", ""instruments"": ""final_completion"", ""language"": ""final_completion"", ""publisher"": ""final_completion"", ""composer"": ""final_completion"", ""copyright"": ""final_completion"", ""comment"": ""final_completion""}"
NODE - Pakker Bar.mp3,/app/input_media/NODE - Pakker Bar.mp3,Pakker Bar,Node,Pakker Bar,Node,2016,2016-12-02,pop,popular music,balanced,balanced,medium,0.58,0.532,A major,English,mixed instrumentation,vocal,balanced music,retail background,all weather,all season,general,1,1,Node,Node,(c) 2016 Node,123,not listed in free sources,Node,not listed in free sources,yes,https://lastfm.freetls.fastly.net/i/u/300x300/dcefa357cefde5b531c7ab7e391299df.png,0.817,completed_with_inference,none,"{""title"": ""deezer, lastfm, local_cleanup"", ""date"": ""deezer, existing_file_tag"", ""year"": ""deezer, existing_file_tag"", ""artist"": ""deezer, lastfm"", ""album"": ""deezer, lastfm"", ""cover_art_url"": ""lastfm"", ""danceability"": ""essentia_features"", ""key"": ""essentia_features"", ""bpm"": ""essentia_features, rules_inference"", ""analysis_summary"": ""essentia_features"", ""album_artist"": ""final_completion"", ""track_number"": ""final_completion"", ""disc_number"": ""final_completion"", ""energy"": ""final_completion"", ""mood"": ""final_completion"", ""moods"": ""final_completion"", ""valence"": ""final_completion"", ""occasion"": ""final_completion"", ""themes"": ""final_completion"", ""weather"": ""final_completion"", ""season"": ""final_completion"", ""age_group"": ""final_completion"", ""vocals"": ""final_completion"", ""instruments"": ""final_completion"", ""language"": ""final_completion"", ""label"": ""final_completion"", ""publisher"": ""final_completion"", ""composer"": ""final_completion"", ""copyright"": ""final_completion"", ""comment"": ""final_completion"", ""isrc"": ""final_completion"", ""catalog_number"": ""final_completion""}"
"Natasja, Tessa, Karen Mukupa - Til Banken.mp3","/app/input_media/Natasja, Tessa, Karen Mukupa - Til Banken.mp3",Til Banken,Natasja x Tessa x Karen Mukupa,Til Banken,Natasja x Tessa x Karen Mukupa,2020,2020-08-28,"Hip Hop, Reggae","Hip Hop, Reggae",confident,confident,medium-high,0.58,0.432,B minor,English,mixed instrumentation,vocal,"confident Hip Hop, Reggae",retail background,all weather,all season,youth/adult,1,1,Natasja x Tessa x Karen Mukupa,Universal Music A/S,(c) 2020 Universal Music A/S,90,not listed in free sources,Universal Music A/S,None,yes,https://i.discogs.com/2HgFIJfNqXiVaeDba197mtPF6YqM67xJLU5COE6JtFM/rs:fit/g:sm/q:90/h:586/w:600/czM6Ly9kaXNjb2dz/LWRhdGFiYXNlLWlt/YWdlcy9SLTE4MzIw/Mjc4LTE2MTg1NzE0/MTAtOTczMy5qcGVn.jpeg,0.896,validated,none,"{""title"": ""deezer, lastfm, local_cleanup, musicbrainz"", ""date"": ""deezer, musicbrainz"", ""year"": ""deezer, existing_file_tag, musicbrainz"", ""artist"": ""musicbrainz"", ""album"": ""deezer, discogs, lastfm, musicbrainz"", ""album_artist"": ""musicbrainz"", ""genre"": ""discogs"", ""cover_art_url"": ""discogs"", ""track_number"": ""musicbrainz"", ""disc_number"": ""musicbrainz"", ""label"": ""musicbrainz"", ""catalog_number"": ""musicbrainz"", ""danceability"": ""essentia_features"", ""key"": ""essentia_features"", ""bpm"": ""essentia_features, rules_inference"", ""analysis_summary"": ""essentia_features"", ""mood"": ""rules_inference"", ""energy"": ""rules_inference"", ""moods"": ""final_completion"", ""subgenre"": ""final_completion"", ""valence"": ""final_completion"", ""occasion"": ""final_completion"", ""themes"": ""final_completion"", ""weather"": ""final_completion"", ""season"": ""final_completion"", ""age_group"": ""final_completion"", ""vocals"": ""final_completion"", ""instruments"": ""final_completion"", ""language"": ""final_completion"", ""publisher"": ""final_completion"", ""composer"": ""final_completion"", ""copyright"": ""final_completion"", ""comment"": ""final_completion"", ""isrc"": ""final_completion""}"
Nephew - Gå Med Dig Feat. Marie Key.mp3,/app/input_media/Nephew - Gå Med Dig Feat. Marie Key.mp3,Gå med dig,Nephew,Hjertestarter,Nephew,2012,2012-11-02,Rock,Rock,energetic,energetic,medium-high,0.58,0.427,A major,unknown,mixed instrumentation,vocal,energetic Rock,retail background,all weather,all season,general,1,1,Nephew,Copenhagen Records,(c) 2012 Copenhagen Records,110,not listed in free sources,Copenhagen Records,CPHREC 371 099 4,yes,http://coverartarchive.org/release/47171406-1979-4c08-88d5-d82cd3690f64/2436944972.jpg,0.895,validated,none,"{""title"": ""musicbrainz"", ""date"": ""deezer, discogs, musicbrainz"", ""year"": ""deezer, discogs, musicbrainz"", ""artist"": ""deezer, itunes, lastfm, local_cleanup, musicbrainz"", ""album"": ""deezer, discogs, lastfm, musicbrainz"", ""album_artist"": ""deezer, itunes, musicbrainz"", ""genre"": ""deezer, discogs, itunes"", ""track_number"": ""discogs, itunes"", ""disc_number"": ""itunes, musicbrainz"", ""cover_art_url"": ""cover_art_archive"", ""composer"": ""musicbrainz"", ""comment"": ""musicbrainz"", ""label"": ""discogs, musicbrainz"", ""catalog_number"": ""musicbrainz"", ""danceability"": ""essentia_features"", ""key"": ""essentia_features"", ""bpm"": ""essentia_features, rules_inference"", ""analysis_summary"": ""essentia_features"", ""mood"": ""rules_inference"", ""energy"": ""rules_inference"", ""moods"": ""final_completion"", ""subgenre"": ""final_completion"", ""valence"": ""final_completion"", ""occasion"": ""final_completion"", ""themes"": ""final_completion"", ""weather"": ""final_completion"", ""season"": ""final_completion"", ""age_group"": ""final_completion"", ""vocals"": ""final_completion"", ""instruments"": ""final_completion"", ""language"": ""final_completion"", ""publisher"": ""final_completion"", ""copyright"": ""final_completion"", ""isrc"": ""final_completion""}"
Nephew - Gå Med Dig.mp3,/app/input_media/Nephew - Gå Med Dig.mp3,Gå Med Dig,Nephew,Hjertestarter,Nephew,2012,2012-11-02,Rock,Rock,energetic,energetic,medium-high,0.58,0.427,A major,unknown,mixed instrumentation,vocal,energetic Rock,retail background,all weather,all season,general,6,1,Nephew,Copenhagen Records,(c) 2012 Copenhagen Records,110,not listed in free sources,Copenhagen Records,CPHREC 371 099 4,yes,https://lastfm.freetls.fastly.net/i/u/300x300/6afd622662a348f5aedb918cdf227321.png,0.901,validated,none,"{""title"": ""deezer, lastfm, local_cleanup"", ""date"": ""deezer, discogs, musicbrainz"", ""year"": ""deezer, discogs, musicbrainz"", ""artist"": ""deezer, itunes, lastfm, local_cleanup, musicbrainz"", ""album"": ""deezer, discogs, lastfm, musicbrainz"", ""album_artist"": ""deezer, itunes, musicbrainz"", ""genre"": ""deezer, discogs, itunes"", ""track_number"": ""musicbrainz"", ""disc_number"": ""itunes, musicbrainz"", ""cover_art_url"": ""lastfm"", ""composer"": ""musicbrainz"", ""comment"": ""musicbrainz"", ""label"": ""discogs, musicbrainz"", ""catalog_number"": ""musicbrainz"", ""danceability"": ""essentia_features"", ""key"": ""essentia_features"", ""bpm"": ""essentia_features, rules_inference"", ""analysis_summary"": ""essentia_features"", ""mood"": ""rules_inference"", ""energy"": ""rules_inference"", ""moods"": ""final_completion"", ""subgenre"": ""final_completion"", ""valence"": ""final_completion"", ""occasion"": ""final_completion"", ""themes"": ""final_completion"", ""weather"": ""final_completion"", ""season"": ""final_completion"", ""age_group"": ""final_completion"", ""vocals"": ""final_completion"", ""instruments"": ""final_completion"", ""language"": ""final_completion"", ""publisher"": ""final_completion"", ""copyright"": ""final_completion"", ""isrc"": ""final_completion""}"
Quando Rondo - Grow Up.mp3,/app/input_media/Quando Rondo - Grow Up.mp3,Grow Up,Quando Rondo,Here For A Reason,Quando Rondo,2024,2024-11-15,Hip-Hop,"rnb, pop",mainstream,mainstream,medium,0.58,0.366,F# minor,English,mixed instrumentation,vocal,mainstream Hip-Hop,retail background,all weather,all season,youth/adult,11,1,Quando Rondo,"Atlantic, Never Broke Again, LLC, Quando Rondo, LLC","(c) 2024 Atlantic, Never Broke Again, LLC, Quando Rondo, LLC",162,not listed in free sources,"Atlantic, Never Broke Again, LLC, Quando Rondo, LLC",None,yes,https://lastfm.freetls.fastly.net/i/u/300x300/bb0d01eb1e77f573f310aad62025370b.png,0.878,validated,none,"{""title"": ""deezer, itunes, lastfm, local_cleanup, musicbrainz"", ""artist"": ""deezer, existing_file_tag, itunes, lastfm, local_cleanup, musicbrainz"", ""date"": ""deezer, discogs, itunes, musicbrainz"", ""year"": ""deezer, discogs, existing_file_tag, itunes, musicbrainz"", ""album"": ""deezer, discogs, itunes, musicbrainz"", ""album_artist"": ""deezer, itunes, musicbrainz"", ""genre"": ""musicnn_mtg_jamendo"", ""track_number"": ""discogs, itunes, musicbrainz"", ""disc_number"": ""itunes, musicbrainz"", ""cover_art_url"": ""lastfm"", ""label"": ""musicbrainz"", ""catalog_number"": ""musicbrainz"", ""danceability"": ""essentia_features"", ""key"": ""essentia_features"", ""bpm"": ""essentia_features, rules_inference"", ""analysis_summary"": ""essentia_features"", ""subgenre"": ""musicnn_mtg_jamendo"", ""analysis_json"": ""musicnn_mtg_jamendo"", ""mood"": ""rules_inference"", ""energy"": ""rules_inference"", ""moods"": ""final_completion"", ""valence"": ""final_completion"", ""occasion"": ""final_completion"", ""themes"": ""final_completion"", ""weather"": ""final_completion"", ""season"": ""final_completion"", ""age_group"": ""final_completion"", ""vocals"": ""final_completion"", ""instruments"": ""final_completion"", ""language"": ""final_completion"", ""publisher"": ""final_completion"", ""composer"": ""final_completion"", ""copyright"": ""final_completion"", ""comment"": ""final_completion"", ""isrc"": ""final_completion""}"
Rasmus Seebach - Livstegn.mp3,/app/input_media/Rasmus Seebach - Livstegn.mp3,Livstegn,Rasmus Seebach,Livstegn,Rasmus Seebach,2022,2022-05-27,Pop,Synth-pop,mainstream,mainstream,medium,0.58,0.481,C minor,English,mixed instrumentation,vocal,mainstream Pop,retail background,all weather,all season,youth/adult,1,1,"Andreas Sommer, Rasmus Seebach, Lars Ankerstjerne",Capitol Records,(c) 2022 Capitol Records,139,not listed in free sources,Capitol Records,none,yes,https://i.discogs.com/iAClZsWS9MUmYEvWNjc2heI6w5V2DGJArrwiOZIj_cI/rs:fit/g:sm/q:90/h:600/w:600/czM6Ly9kaXNjb2dz/LWRhdGFiYXNlLWlt/YWdlcy9SLTIzMzk1/MzYxLTE2NTM4Mjg0/MTctMzY4NC5qcGVn.jpeg,0.904,validated,none,"{""title"": ""deezer, itunes, lastfm, local_cleanup"", ""artist"": ""deezer, existing_file_tag, itunes, lastfm, local_cleanup"", ""date"": ""discogs, itunes"", ""year"": ""deezer, discogs, existing_file_tag, itunes"", ""album"": ""discogs"", ""album_artist"": ""deezer, itunes"", ""genre"": ""deezer, itunes"", ""track_number"": ""discogs"", ""cover_art_url"": ""discogs"", ""subgenre"": ""discogs"", ""composer"": ""discogs"", ""label"": ""discogs"", ""catalog_number"": ""discogs"", ""danceability"": ""essentia_features"", ""key"": ""essentia_features"", ""bpm"": ""essentia_features, rules_inference"", ""analysis_summary"": ""essentia_features"", ""mood"": ""rules_inference"", ""energy"": ""rules_inference"", ""moods"": ""final_completion"", ""disc_number"": ""final_completion"", ""valence"": ""final_completion"", ""occasion"": ""final_completion"", ""themes"": ""final_completion"", ""weather"": ""final_completion"", ""season"": ""final_completion"", ""age_group"": ""final_completion"", ""vocals"": ""final_completion"", ""instruments"": ""final_completion"", ""language"": ""final_completion"", ""publisher"": ""final_completion"", ""copyright"": ""final_completion"", ""comment"": ""final_completion"", ""isrc"": ""final_completion""}"
Rasmus Seebach - Så Længe Vi Danser.mp3,/app/input_media/Rasmus Seebach - Så Længe Vi Danser.mp3,Så Længe Vi Danser,Rasmus Seebach,4 Til Gulvet,Rasmus Seebach,2022,2022-08-19,Pop,Pop,mainstream,mainstream,medium,0.58,0.415,C major,unknown,mixed instrumentation,vocal,mainstream Pop,retail background,all weather,all season,youth/adult,1,1,"Andreas Sommer, Rasmus Seebach, Lars Ankerstjerne",Capitol Records,(c) 2022 Capitol Records,162,not listed in free sources,Capitol Records,[none],yes,https://lastfm.freetls.fastly.net/i/u/300x300/4119d636624eaae2451c137e88e6bc15.png,0.896,validated,none,"{""title"": ""deezer, itunes, lastfm, local_cleanup, musicbrainz"", ""date"": ""deezer, discogs, musicbrainz"", ""year"": ""deezer, discogs, musicbrainz"", ""artist"": ""deezer, itunes, lastfm, local_cleanup, musicbrainz"", ""album"": ""deezer, discogs, lastfm, musicbrainz"", ""album_artist"": ""deezer, itunes, musicbrainz"", ""genre"": ""deezer, discogs, itunes"", ""track_number"": ""discogs, itunes, musicbrainz"", ""disc_number"": ""itunes, musicbrainz"", ""cover_art_url"": ""lastfm"", ""label"": ""discogs, musicbrainz"", ""catalog_number"": ""musicbrainz"", ""composer"": ""discogs"", ""danceability"": ""essentia_features"", ""key"": ""essentia_features"", ""bpm"": ""essentia_features, rules_inference"", ""analysis_summary"": ""essentia_features"", ""mood"": ""rules_inference"", ""energy"": ""rules_inference"", ""moods"": ""final_completion"", ""subgenre"": ""final_completion"", ""valence"": ""final_completion"", ""occasion"": ""final_completion"", ""themes"": ""final_completion"", ""weather"": ""final_completion"", ""season"": ""final_completion"", ""age_group"": ""final_completion"", ""vocals"": ""final_completion"", ""instruments"": ""final_completion"", ""language"": ""final_completion"", ""publisher"": ""final_completion"", ""copyright"": ""final_completion"", ""comment"": ""final_completion"", ""isrc"": ""final_completion""}"
Roddy Ricch - Lonely Road.mp3,/app/input_media/Roddy Ricch - Lonely Road.mp3,Lonely Road,Roddy Ricch,THE NAVY ALBUM,Roddy Ricch feat. Terrace Martin,2024,2024-12-05,pop,popular music,energetic,energetic,high,0.68,0.34,G minor,English,mixed instrumentation,vocal,energetic music,busy store,all weather,all season,general,18,1,Roddy Ricch,"Atlantic, Bird Vision Entertainment","(c) 2024 Atlantic, Bird Vision Entertainment",130,USATV2405101,"Atlantic, Bird Vision Entertainment",None,yes,https://coverartarchive.org/release/5ede1415-a32a-43c1-88d1-4ae3428d116b/40596005294.jpg,0.825,completed_with_inference,none,"{""title"": ""lastfm, local_cleanup, musicbrainz"", ""date"": ""existing_file_tag"", ""year"": ""deezer, existing_file_tag"", ""artist"": ""deezer, lastfm, local_cleanup"", ""album"": ""musicbrainz"", ""album_artist"": ""musicbrainz"", ""cover_art_url"": ""cover_art_archive"", ""track_number"": ""musicbrainz"", ""disc_number"": ""musicbrainz"", ""isrc"": ""musicbrainz"", ""label"": ""musicbrainz"", ""catalog_number"": ""musicbrainz"", ""danceability"": ""essentia_features"", ""key"": ""essentia_features"", ""bpm"": ""essentia_features, rules_inference"", ""analysis_summary"": ""essentia_features"", ""mood"": ""rules_inference"", ""energy"": ""rules_inference"", ""moods"": ""final_completion"", ""valence"": ""final_completion"", ""occasion"": ""final_completion"", ""themes"": ""final_completion"", ""weather"": ""final_completion"", ""season"": ""final_completion"", ""age_group"": ""final_completion"", ""vocals"": ""final_completion"", ""instruments"": ""final_completion"", ""language"": ""final_completion"", ""publisher"": ""final_completion"", ""composer"": ""final_completion"", ""copyright"": ""final_completion"", ""comment"": ""final_completion""}"
Sådan Nogen Som Os.mp3,/app/input_media/Sådan Nogen Som Os.mp3,Sådan Nogen Som Os,unknown artist,Sådan Nogen Som Os,unknown artist,2014,2014-11-07,pop,popular music,energetic,energetic,high,0.68,0.341,D major,unknown,mixed instrumentation,vocal,energetic music,busy store,all weather,all season,general,1,1,unknown composer,not listed in free sources,not listed in free sources,163,not listed in free sources,not listed in free sources,not listed in free sources,yes,embedded or not listed in free sources,0.733,completed_with_inference,none,"{""title"": ""existing_file_tag"", ""date"": ""existing_file_tag"", ""year"": ""existing_file_tag"", ""danceability"": ""essentia_features"", ""key"": ""essentia_features"", ""bpm"": ""essentia_features, rules_inference"", ""analysis_summary"": ""essentia_features"", ""mood"": ""rules_inference"", ""energy"": ""rules_inference"", ""album"": ""final_completion"", ""moods"": ""final_completion"", ""track_number"": ""final_completion"", ""disc_number"": ""final_completion"", ""valence"": ""final_completion"", ""occasion"": ""final_completion"", ""themes"": ""final_completion"", ""weather"": ""final_completion"", ""season"": ""final_completion"", ""age_group"": ""final_completion"", ""vocals"": ""final_completion"", ""instruments"": ""final_completion"", ""language"": ""final_completion"", ""comment"": ""final_completion"", ""isrc"": ""final_completion"", ""catalog_number"": ""final_completion"", ""cover_art_url"": ""final_completion""}"
Thomas Helmig - Malaga.mp3,/app/input_media/Thomas Helmig - Malaga.mp3,Malaga,Thomas Helmig,Helmig Hits 1,Thomas Helmig,2025,2025-02-14,Pop,Pop,mainstream,mainstream,medium,0.58,0.338,C major,English,mixed instrumentation,vocal,mainstream Pop,retail background,all weather,all season,youth/adult,10,2,Thomas Helmig,"Genlyd, Sony Music","(c) 2025 Genlyd, Sony Music",72,not listed in free sources,"Genlyd, Sony Music",19802 87230 2,yes,https://lastfm.freetls.fastly.net/i/u/300x300/3471616b7a8f43e18689614854498b61.png,0.897,validated,none,"{""title"": ""deezer, itunes, lastfm, local_cleanup, musicbrainz"", ""artist"": ""deezer, existing_file_tag, itunes, lastfm, local_cleanup, musicbrainz"", ""date"": ""discogs, musicbrainz"", ""year"": ""discogs, musicbrainz"", ""album"": ""discogs, itunes, musicbrainz"", ""album_artist"": ""deezer, itunes, musicbrainz"", ""genre"": ""deezer, itunes"", ""track_number"": ""musicbrainz"", ""disc_number"": ""musicbrainz"", ""cover_art_url"": ""lastfm"", ""composer"": ""musicbrainz"", ""comment"": ""musicbrainz"", ""label"": ""discogs, musicbrainz"", ""catalog_number"": ""musicbrainz"", ""danceability"": ""essentia_features"", ""key"": ""essentia_features"", ""bpm"": ""essentia_features, rules_inference"", ""analysis_summary"": ""essentia_features"", ""mood"": ""rules_inference"", ""energy"": ""rules_inference"", ""moods"": ""final_completion"", ""subgenre"": ""final_completion"", ""valence"": ""final_completion"", ""occasion"": ""final_completion"", ""themes"": ""final_completion"", ""weather"": ""final_completion"", ""season"": ""final_completion"", ""age_group"": ""final_completion"", ""vocals"": ""final_completion"", ""instruments"": ""final_completion"", ""language"": ""final_completion"", ""publisher"": ""final_completion"", ""copyright"": ""final_completion"", ""isrc"": ""final_completion""}"
Tobias Rahim & Andreas Odbjerg - Stor mand.mp3,/app/input_media/Tobias Rahim & Andreas Odbjerg - Stor mand.mp3,Stor Mand,Tobias Rahim,Når Sjælen Kaster Op,Tobias Rahim,2021,2022-10-21,Pop,Pop,mainstream,mainstream,medium,0.58,0.358,F major,unknown,mixed instrumentation,vocal,mainstream Pop,retail background,all weather,all season,youth/adult,14,1,Tobias Rahim,Sony Music,(c) 2021 Sony Music,146,not listed in free sources,Sony Music,[none],yes,http://coverartarchive.org/release/d700bca1-9bd9-4e6e-8d98-84ff46003b8a/34407925435.jpg,0.866,validated,none,"{""title"": ""musicbrainz"", ""date"": ""musicbrainz"", ""year"": ""deezer, discogs, existing_file_tag"", ""artist"": ""deezer, lastfm, musicbrainz"", ""album"": ""discogs, musicbrainz"", ""album_artist"": ""deezer, musicbrainz"", ""genre"": ""deezer, discogs"", ""cover_art_url"": ""cover_art_archive"", ""track_number"": ""discogs, musicbrainz"", ""disc_number"": ""musicbrainz"", ""label"": ""discogs, musicbrainz"", ""catalog_number"": ""musicbrainz"", ""danceability"": ""essentia_features"", ""key"": ""essentia_features"", ""bpm"": ""essentia_features, rules_inference"", ""analysis_summary"": ""essentia_features"", ""mood"": ""rules_inference"", ""energy"": ""rules_inference"", ""moods"": ""final_completion"", ""subgenre"": ""final_completion"", ""valence"": ""final_completion"", ""occasion"": ""final_completion"", ""themes"": ""final_completion"", ""weather"": ""final_completion"", ""season"": ""final_completion"", ""age_group"": ""final_completion"", ""vocals"": ""final_completion"", ""instruments"": ""final_completion"", ""language"": ""final_completion"", ""publisher"": ""final_completion"", ""composer"": ""final_completion"", ""copyright"": ""final_completion"", ""comment"": ""final_completion"", ""isrc"": ""final_completion""}"
Tobias Rahim - Feberdrømmer Xx Dubai.mp3,/app/input_media/Tobias Rahim - Feberdrømmer Xx Dubai.mp3,Feberdrømmer Xx Dubai,Tobias Rahim,Feberdrømmer Xx Dubai,Tobias Rahim,2022,2022-06-03,Pop,Pop,mainstream,mainstream,medium,0.58,0.359,E minor,unknown,mixed instrumentation,vocal,mainstream Pop,retail background,all weather,all season,youth/adult,2,1,"Arto Eriksen, Tobias Rahim",Sony Music,(c) 2022 Sony Music,136,not listed in free sources,Sony Music,[none],yes,https://i.discogs.com/VPQKPGVCtg_1bUsmqDhGY1r8jgi2N69aXv_6dDgHlvs/rs:fit/g:sm/q:90/h:600/w:600/czM6Ly9kaXNjb2dz/LWRhdGFiYXNlLWlt/YWdlcy9SLTIzNjk5/MDc1LTE2NTYyNTQw/MTUtMzYxMi5qcGVn.jpeg,0.903,validated,none,"{""title"": ""deezer, lastfm, local_cleanup, musicbrainz"", ""artist"": ""deezer, existing_file_tag, lastfm, local_cleanup, musicbrainz"", ""date"": ""deezer, discogs, existing_file_tag"", ""year"": ""deezer, discogs, existing_file_tag, musicbrainz"", ""album"": ""deezer, discogs, lastfm"", ""album_artist"": ""deezer, musicbrainz"", ""genre"": ""deezer, discogs"", ""cover_art_url"": ""discogs"", ""track_number"": ""musicbrainz"", ""disc_number"": ""musicbrainz"", ""label"": ""discogs, musicbrainz"", ""catalog_number"": ""musicbrainz"", ""composer"": ""discogs"", ""danceability"": ""essentia_features"", ""key"": ""essentia_features"", ""bpm"": ""essentia_features, rules_inference"", ""analysis_summary"": ""essentia_features"", ""mood"": ""rules_inference"", ""energy"": ""rules_inference"", ""moods"": ""final_completion"", ""subgenre"": ""final_completion"", ""valence"": ""final_completion"", ""occasion"": ""final_completion"", ""themes"": ""final_completion"", ""weather"": ""final_completion"", ""season"": ""final_completion"", ""age_group"": ""final_completion"", ""vocals"": ""final_completion"", ""instruments"": ""final_completion"", ""language"": ""final_completion"", ""publisher"": ""final_completion"", ""copyright"": ""final_completion"", ""comment"": ""final_completion"", ""isrc"": ""final_completion""}"
Tobias Rahim - Mucki Bar.mp3,/app/input_media/Tobias Rahim - Mucki Bar.mp3,Mucki Bar,Tobias Rahim,Mucki Bar,Tobias Rahim,2022,2022-10-21,Pop,Pop,mainstream,mainstream,medium,0.58,0.346,Ab minor,English,mixed instrumentation,vocal,mainstream Pop,retail background,all weather,all season,youth/adult,10,1,"Arto Eriksen, Tobias Rahim",Sony Music,(c) 2022 Sony Music,137,not listed in free sources,Sony Music,[none],yes,https://i.discogs.com/Ers0Lgv79HU6NnXXAZUICKiX_p6C4KLMqygIC4uN160/rs:fit/g:sm/q:90/h:600/w:600/czM6Ly9kaXNjb2dz/LWRhdGFiYXNlLWlt/YWdlcy9SLTIyMTI1/NTAyLTE2NDQ2NjAw/MzctOTUyMC5qcGVn.jpeg,0.902,validated,none,"{""title"": ""deezer, itunes, lastfm, local_cleanup, musicbrainz"", ""date"": ""musicbrainz"", ""year"": ""deezer, discogs, existing_file_tag, itunes, musicbrainz"", ""artist"": ""deezer, itunes, lastfm, local_cleanup, musicbrainz"", ""album"": ""deezer, discogs, lastfm"", ""album_artist"": ""deezer, itunes, musicbrainz"", ""genre"": ""deezer, discogs, itunes"", ""track_number"": ""musicbrainz"", ""disc_number"": ""itunes, musicbrainz"", ""cover_art_url"": ""discogs"", ""label"": ""discogs, musicbrainz"", ""catalog_number"": ""musicbrainz"", ""composer"": ""discogs"", ""danceability"": ""essentia_features"", ""key"": ""essentia_features"", ""bpm"": ""essentia_features, rules_inference"", ""analysis_summary"": ""essentia_features"", ""mood"": ""rules_inference"", ""energy"": ""rules_inference"", ""moods"": ""final_completion"", ""subgenre"": ""final_completion"", ""valence"": ""final_completion"", ""occasion"": ""final_completion"", ""themes"": ""final_completion"", ""weather"": ""final_completion"", ""season"": ""final_completion"", ""age_group"": ""final_completion"", ""vocals"": ""final_completion"", ""instruments"": ""final_completion"", ""language"": ""final_completion"", ""publisher"": ""final_completion"", ""copyright"": ""final_completion"", ""comment"": ""final_completion"", ""isrc"": ""final_completion""}"
Tobias Rahim - Når Mænd Græder.mp3,/app/input_media/Tobias Rahim - Når Mænd Græder.mp3,Når Mænd Græder,Tobias Rahim,Når Sjælen Kaster Op,Tobias Rahim,2022,2022-10-21,Pop,Pop,mainstream,mainstream,medium,0.58,0.386,D major,unknown,mixed instrumentation,vocal,mainstream Pop,retail background,all weather,all season,youth/adult,9,1,"Arto Eriksen, Fridolin Tai Nordsø Schjoldan, Jacob Brøndlund, Søren Bech, Tobias Rahim",Sony Music,(c) 2022 Sony Music,120,not listed in free sources,Sony Music,[none],yes,https://i.discogs.com/_TyDfc0g0ZvkMgoRKF2YgIbVQFs08fzxQ7gH-chsNxo/rs:fit/g:sm/q:90/h:600/w:600/czM6Ly9kaXNjb2dz/LWRhdGFiYXNlLWlt/YWdlcy9SLTIzMzQx/MzQzLTE2NTM0MTUw/NDEtNTI5MC5qcGVn.jpeg,0.882,validated,none,"{""title"": ""deezer, lastfm, local_cleanup, musicbrainz"", ""date"": ""musicbrainz"", ""year"": ""deezer, discogs, existing_file_tag, musicbrainz"", ""artist"": ""deezer, lastfm, local_cleanup, musicbrainz"", ""album"": ""musicbrainz"", ""album_artist"": ""deezer, musicbrainz"", ""genre"": ""deezer, discogs"", ""cover_art_url"": ""discogs"", ""track_number"": ""musicbrainz"", ""disc_number"": ""musicbrainz"", ""label"": ""discogs, musicbrainz"", ""catalog_number"": ""musicbrainz"", ""composer"": ""discogs"", ""danceability"": ""essentia_features"", ""key"": ""essentia_features"", ""bpm"": ""essentia_features, rules_inference"", ""analysis_summary"": ""essentia_features"", ""mood"": ""rules_inference"", ""energy"": ""rules_inference"", ""moods"": ""final_completion"", ""subgenre"": ""final_completion"", ""valence"": ""final_completion"", ""occasion"": ""final_completion"", ""themes"": ""final_completion"", ""weather"": ""final_completion"", ""season"": ""final_completion"", ""age_group"": ""final_completion"", ""vocals"": ""final_completion"", ""instruments"": ""final_completion"", ""language"": ""final_completion"", ""publisher"": ""final_completion"", ""copyright"": ""final_completion"", ""comment"": ""final_completion"", ""isrc"": ""final_completion""}"
Tobias Rahim ft. D1MA - Bellevue.mp3,/app/input_media/Tobias Rahim ft. D1MA - Bellevue.mp3,Bellevue,Tobias Rahim feat. D1MA,Bellevue,Tobias Rahim feat. D1MA,2024,2024-02-23,Pop,Pop,mainstream,mainstream,medium,0.58,0.384,Ab minor,English,mixed instrumentation,vocal,mainstream Pop,retail background,all weather,all season,youth/adult,1,1,Tobias Rahim feat. D1MA,Os Der Følger Floden ApS,(c) 2024 Os Der Følger Floden ApS,100,not listed in free sources,Os Der Følger Floden ApS,None,yes,https://coverartarchive.org/release/cee3f1f3-ba1a-422f-a252-a469da6b556c/39950141197.jpg,0.864,validated,none,"{""title"": ""lastfm, local_cleanup, musicbrainz"", ""date"": ""deezer, discogs, itunes, musicbrainz"", ""year"": ""deezer, discogs, existing_file_tag, itunes, musicbrainz"", ""artist"": ""musicbrainz"", ""album"": ""discogs, musicbrainz"", ""album_artist"": ""musicbrainz"", ""genre"": ""deezer, discogs, itunes"", ""track_number"": ""discogs, itunes, musicbrainz"", ""disc_number"": ""itunes, musicbrainz"", ""cover_art_url"": ""cover_art_archive"", ""label"": ""musicbrainz"", ""catalog_number"": ""musicbrainz"", ""danceability"": ""essentia_features"", ""key"": ""essentia_features"", ""bpm"": ""essentia_features, rules_inference"", ""analysis_summary"": ""essentia_features"", ""mood"": ""rules_inference"", ""energy"": ""rules_inference"", ""moods"": ""final_completion"", ""subgenre"": ""final_completion"", ""valence"": ""final_completion"", ""occasion"": ""final_completion"", ""themes"": ""final_completion"", ""weather"": ""final_completion"", ""season"": ""final_completion"", ""age_group"": ""final_completion"", ""vocals"": ""final_completion"", ""instruments"": ""final_completion"", ""language"": ""final_completion"", ""publisher"": ""final_completion"", ""composer"": ""final_completion"", ""copyright"": ""final_completion"", ""comment"": ""final_completion"", ""isrc"": ""final_completion""}"
Ude Af Kontrol - Velsignet.mp3,/app/input_media/Ude Af Kontrol - Velsignet.mp3,Velsignet,Ude Af Kontrol,Velsignet,Ude Af Kontrol,2018,2018-02-23,dance,"electronic, House, pop",upbeat,upbeat,high,0.78,0.405,E minor,English,"electronic beat, synthesizer",vocal,upbeat dance,retail energy,all weather,all season,youth/adult,1,1,Ude Af Kontrol,Ude Af Kontrol,(c) 2018 Ude Af Kontrol,129,not listed in free sources,Ude Af Kontrol,not listed in free sources,yes,embedded or not listed in free sources,0.762,validated,none,"{""title"": ""lastfm, local_cleanup"", ""date"": ""deezer, itunes"", ""year"": ""deezer, existing_file_tag, itunes"", ""artist"": ""itunes, lastfm, local_cleanup"", ""genre"": ""musicnn_mtg_jamendo"", ""danceability"": ""essentia_features"", ""key"": ""essentia_features"", ""bpm"": ""essentia_features, rules_inference"", ""analysis_summary"": ""essentia_features"", ""subgenre"": ""musicnn_mtg_jamendo"", ""analysis_json"": ""musicnn_mtg_jamendo"", ""mood"": ""rules_inference"", ""energy"": ""rules_inference"", ""occasion"": ""rules_inference"", ""album_artist"": ""final_completion"", ""album"": ""final_completion"", ""moods"": ""final_completion"", ""track_number"": ""final_completion"", ""disc_number"": ""final_completion"", ""valence"": ""final_completion"", ""themes"": ""final_completion"", ""weather"": ""final_completion"", ""season"": ""final_completion"", ""age_group"": ""final_completion"", ""vocals"": ""final_completion"", ""instruments"": ""final_completion"", ""language"": ""final_completion"", ""label"": ""final_completion"", ""publisher"": ""final_completion"", ""composer"": ""final_completion"", ""copyright"": ""final_completion"", ""comment"": ""final_completion"", ""isrc"": ""final_completion"", ""catalog_number"": ""final_completion"", ""cover_art_url"": ""final_completion""}"
Øde - Ø.mp3,/app/input_media/Øde - Ø.mp3,Øde Ø,unknown artist,Øde Ø,unknown artist,2018,2018-07-02,pop,popular music,balanced,balanced,medium,0.58,0.38,Ab major,unknown,mixed instrumentation,vocal,balanced music,retail background,all weather,all season,general,1,1,unknown composer,not listed in free sources,not listed in free sources,117,not listed in free sources,not listed in free sources,not listed in free sources,yes,embedded or not listed in free sources,0.711,completed_with_inference,none,"{""title"": ""existing_file_tag"", ""date"": ""existing_file_tag"", ""year"": ""existing_file_tag"", ""danceability"": ""essentia_features"", ""key"": ""essentia_features"", ""bpm"": ""essentia_features, rules_inference"", ""analysis_summary"": ""essentia_features"", ""album"": ""final_completion"", ""track_number"": ""final_completion"", ""disc_number"": ""final_completion"", ""energy"": ""final_completion"", ""mood"": ""final_completion"", ""moods"": ""final_completion"", ""valence"": ""final_completion"", ""occasion"": ""final_completion"", ""themes"": ""final_completion"", ""weather"": ""final_completion"", ""season"": ""final_completion"", ""age_group"": ""final_completion"", ""vocals"": ""final_completion"", ""instruments"": ""final_completion"", ""language"": ""final_completion"", ""comment"": ""final_completion"", ""isrc"": ""final_completion"", ""catalog_number"": ""final_completion"", ""cover_art_url"": ""final_completion""}"
